Data as of,Year,HSA_NCI,Health.Service.Area.Description,Total Number of Deaths,Number of COVID19 Deaths,Footnote
03/08/2021,2020,1,"Allegany (Cumberland), MD - Garrett, MD",1605,230,
03/08/2021,2020,2,"Kenton (Covington), KY - Campbell, KY",4260,311,
03/08/2021,2020,3,"Sussex, DE - Kent, DE",5260,523,
03/08/2021,2020,4,"Hartford (Hartford), CT - Tolland, CT",12353,2046,
03/08/2021,2020,5,"Newport News City, VA - Hampton City, VA",5666,263,
03/08/2021,2020,6,"Currituck, NC",202,,Data suppressed (counts from 1-9)
03/08/2021,2020,7,"Kanawha (Charleston), WV - Putnam, WV",4557,312,
03/08/2021,2020,8,"Schuylkill, PA - Northumberland, PA",4896,639,
03/08/2021,2020,9,"Cumberland (Portland), ME - Knox, ME",4286,119,
03/08/2021,2020,10,"Albany (Albany), NY - Rensselaer, NY",4793,329,
03/08/2021,2020,11,"Floyd, KY - Johnson, KY",1179,87,
03/08/2021,2020,12,"Massac, IL - Johnson, IL",403,48,
03/08/2021,2020,13,"Pike, KY",963,48,
03/08/2021,2020,14,"Roanoke City, VA - Roanoke, VA",7645,510,
03/08/2021,2020,15,"Grafton, NH - Sullivan, NH",1359,23,
03/08/2021,2020,16,"Baltimore, MD - Baltimore City, MD",27443,2659,
03/08/2021,2020,17,"Penobscot (Bangor), ME - Hancock, ME",3304,73,
03/08/2021,2020,18,"Fayette (Lexington-Fayette), KY - Jessamine, KY",6335,369,
03/08/2021,2020,19,"Broome (Binghamton), NY - Tioga, NY",2980,314,
03/08/2021,2020,20,"New London, CT",2772,296,
03/08/2021,2020,21,"Ontario (Geneva), NY - Wayne, NY",2784,185,
03/08/2021,2020,22,"Middlesex, MA - Suffolk (Boston), MA",35438,5431,
03/08/2021,2020,23,"Camden (Camden), NJ - Burlington, NJ",14896,1909,
03/08/2021,2020,24,"Belmont, OH - Monroe, OH",1211,128,
03/08/2021,2020,25,"Frederick, VA - Shenandoah, VA",2482,192,
03/08/2021,2020,26,"Centre (State College), PA - Clearfield, PA",2841,282,
03/08/2021,2020,27,"Boyle, KY - Lincoln, KY",1571,167,
03/08/2021,2020,28,"Philadelphia (Philadelphia), PA - Montgomery, PA",45405,6508,
03/08/2021,2020,29,"Warren, KY - Logan, KY",2556,254,
03/08/2021,2020,30,"Alleghany Cnty & Clifton Forge Cty, VA - Covington City, VA",445,33,
03/08/2021,2020,31,"Monongalia, WV - Marion, WV",2208,99,
03/08/2021,2020,32,"Hampden (Springfield), MA - Hampshire, MA",7177,991,
03/08/2021,2020,33,"Henrico (Richmond), VA - Chesterfield, VA",13342,915,
03/08/2021,2020,34,"Washington, OH",835,83,
03/08/2021,2020,35,"Cattaraugus, NY - Allegany, NY",1485,129,
03/08/2021,2020,36,"Bergen, NJ - Hudson (Jersey City), NJ",20591,5103,
03/08/2021,2020,37,"Pulaski, KY - Wayne, KY",1499,111,
03/08/2021,2020,38,"Kennebec, ME - Somerset, ME",2580,78,
03/08/2021,2020,39,"Tazewell, VA - Buchanan, VA",1173,74,
03/08/2021,2020,40,"Henderson (Henderson), KY - Union, KY",794,76,
03/08/2021,2020,41,"Westchester (Yonkers), NY - Dutchess, NY",15210,2532,
03/08/2021,2020,42,"Allegheny (Pittsburgh), PA - Westmoreland, PA",27011,2448,
03/08/2021,2020,43,"Dauphin (Harrisburg), PA - Cumberland, PA",8153,917,
03/08/2021,2020,44,"Lycoming (Williamsport), PA - Clinton, PA",1893,183,
03/08/2021,2020,45,"Christian (Hopkinsville), KY - Hopkins, KY",2686,281,
03/08/2021,2020,46,"Boyd, KY - Greenup, KY",2046,145,
03/08/2021,2020,47,"Lackawanna (Scranton), PA - Wayne, PA",3618,320,
03/08/2021,2020,48,"Frederick, MD",2212,207,
03/08/2021,2020,49,"Chittenden (Burlington), VT - Franklin, VT",2134,105,
03/08/2021,2020,50,"Randolph, WV - Barbour, WV",881,31,
03/08/2021,2020,51,"Laurel, KY - Whitley, KY",2145,120,
03/08/2021,2020,52,"Venango, PA - Clarion, PA",1366,118,
03/08/2021,2020,53,"Barren, KY - Hart, KY",1226,146,
03/08/2021,2020,54,"Erie (Buffalo), NY - Monroe, NY",24017,2468,
03/08/2021,2020,55,"Wise, VA - Lee, VA",1271,107,
03/08/2021,2020,56,"Onondaga (Syracuse), NY - Oswego, NY",7190,617,
03/08/2021,2020,57,"Cambria, PA - Blair (Altoona), PA",5901,730,
03/08/2021,2020,58,"Otsego, NY - Chenango, NY",2225,87,
03/08/2021,2020,59,"Oneida (Utica), NY - Madison, NY",4382,388,
03/08/2021,2020,60,"Raleigh, WV - Fayette, WV",2481,110,
03/08/2021,2020,61,"District of Columbia, DC",6182,885,
03/08/2021,2020,62,"Madison, KY - Rockcastle, KY",1636,117,
03/08/2021,2020,63,"Rockingham, VA - Harrisonburg City, VA",1633,166,
03/08/2021,2020,64,"Atlantic (Atlantic City), NJ - Cape May, NJ",4742,472,
03/08/2021,2020,65,"Steuben, NY - Chemung (Elmira), NY",2505,259,
03/08/2021,2020,66,"Essex (Newark), NJ - Middlesex, NJ",25455,5751,
03/08/2021,2020,67,"Rowan, KY - Morgan, KY",602,17,
03/08/2021,2020,68,"Bristol (New Bedford), MA",6426,865,
03/08/2021,2020,69,"Fairfax, VA - Arlington, VA",10525,1186,
03/08/2021,2020,70,"Montgomery, VA - Pulaski, VA",2159,172,
03/08/2021,2020,71,"Halifax with South Boston City, VA - Mecklenburg, VA",1261,125,
03/08/2021,2020,72,"Washington (Hagerstown), MD",1966,198,
03/08/2021,2020,73,"Alleghany, NC",136,,Data suppressed (counts from 1-9)
03/08/2021,2020,74,"Essex (Lynn), MA",8349,1348,
03/08/2021,2020,75,"New Castle (Wilmington), DE",5670,508,
03/08/2021,2020,76,"Fulton, NY - Montgomery (Amsterdam), NY",1344,91,
03/08/2021,2020,77,"Petersburg City, VA - Prince George, VA",1803,116,
03/08/2021,2020,78,"Luzerne (Wilkes-Barre), PA - Columbia, PA",5830,625,
03/08/2021,2020,79,"Henry, VA - Patrick, VA",1451,143,
03/08/2021,2020,80,"St. Lawrence, NY - Jefferson, NY",2313,72,
03/08/2021,2020,81,"Clinton, NY - Franklin, NY",1764,35,
03/08/2021,2020,82,"Taylor, KY - Adair, KY",1153,133,
03/08/2021,2020,83,"Suffolk, NY - Nassau, NY",30272,6054,
03/08/2021,2020,84,"Lehigh (Allentown), PA - Northampton, PA",10313,1350,
03/08/2021,2020,85,"New Haven (New Haven), CT - Litchfield, CT",13574,2076,
03/08/2021,2020,86,"Orange (Newburgh), NY - Sullivan, NY",4399,698,
03/08/2021,2020,87,"Morris (Parsippany-Troy Hills Township), NJ - Sussex, NJ",6536,1116,
03/08/2021,2020,88,"Saratoga, NY - Schenectady (Schenectady), NY",5405,232,
03/08/2021,2020,89,"Hardin, KY - Meade, KY",2350,182,
03/08/2021,2020,90,"Cheshire, NH",773,11,
03/08/2021,2020,91,"Hillsborough (Manchester), NH - Merrimack, NH",6941,586,
03/08/2021,2020,92,"Harrison, WV - Upshur, WV",1777,55,
03/08/2021,2020,93,"Hunterdon, NJ - Warren (Phillipsburg), NJ",2352,325,
03/08/2021,2020,94,"Kings (New York), NY - Queens, NY",82883,22991,
03/08/2021,2020,95,"Androscoggin (Lewiston), ME - Oxford, ME",2326,87,
03/08/2021,2020,96,"Harlan, KY - Bell, KY",990,77,
03/08/2021,2020,97,"Augusta, VA - Staunton City, VA",2061,146,
03/08/2021,2020,98,"York, ME",2282,93,
03/08/2021,2020,99,"Albemarle, VA - Charlottesville City, VA",3740,198,
03/08/2021,2020,100,"Washington, PA - Fayette, PA",5222,369,
03/08/2021,2020,101,"Worcester (Worcester), MA - Franklin, MA",9098,1297,
03/08/2021,2020,102,"Bourbon (Paris), KY - Nicholas, KY",342,,Data suppressed (counts from 1-9)
03/08/2021,2020,103,"Caledonia, VT - Orleans, VT",914,15,
03/08/2021,2020,104,"Clinton, KY - Cumberland, KY",286,30,
03/08/2021,2020,105,"Tompkins, NY - Cortland, NY",1233,61,
03/08/2021,2020,106,"Chautauqua, NY",1562,43,
03/08/2021,2020,107,"Queen Annes, MD - Talbot, MD",1864,86,
03/08/2021,2020,108,"Monmouth, NJ - Ocean (Brick Township), NJ",15616,2284,
03/08/2021,2020,109,"Prince William (Dale City), VA - Fauquier, VA",3648,425,
03/08/2021,2020,110,"Mifflin, PA - Huntingdon, PA",1635,291,
03/08/2021,2020,112,"Berkshire (Pittsfield), MA",1677,127,
03/08/2021,2020,114,"Franklin, KY - Anderson, KY",1077,68,
03/08/2021,2020,115,"Calloway, KY",469,41,
03/08/2021,2020,116,"Mason, KY - Fleming, KY",554,49,
03/08/2021,2020,117,"Crawford, PA",1094,105,
03/08/2021,2020,119,"Harrison, KY - Robertson, KY",297,17,
03/08/2021,2020,121,"Fairfield, CT",8733,1710,
03/08/2021,2020,122,"Rutland, VT",781,,Data suppressed (counts from 1-9)
03/08/2021,2020,123,"Letcher, KY",368,24,
03/08/2021,2020,124,"Kent, MD",324,37,
03/08/2021,2020,125,"Elk, PA",377,22,
03/08/2021,2020,126,"Mercer, NJ",3766,660,
03/08/2021,2020,127,"Cumberland, NJ",1911,199,
03/08/2021,2020,128,"Tioga, PA",523,85,
03/08/2021,2020,129,"Lawrence, PA",1395,150,
03/08/2021,2020,130,"Brunswick, VA - Greensville, VA",502,56,
03/08/2021,2020,131,"Montgomery, KY - Bath, KY",535,30,
03/08/2021,2020,132,"Caswell, NC",305,13,
03/08/2021,2020,135,"Stafford, VA - Spotsylvania, VA",2853,163,
03/08/2021,2020,136,"Aroostook, ME",963,24,
03/08/2021,2020,137,"Accomack, VA - Northampton, VA",737,64,
03/08/2021,2020,138,"Coos, NH",479,21,
03/08/2021,2020,139,"Berks, PA",4618,611,
03/08/2021,2020,140,"Lancaster, PA",6065,792,
03/08/2021,2020,141,"Walker, GA - Catoosa, GA",1981,134,
03/08/2021,2020,142,"Orange (Orlando), FL - Volusia, FL",31267,2056,
03/08/2021,2020,143,"Chatham (Savannah), GA - Liberty, GA",4769,347,
03/08/2021,2020,144,"Dougherty (Albany), GA - Lee, GA",2466,385,
03/08/2021,2020,145,"Whitfield, GA - Murray, GA",1541,192,
03/08/2021,2020,146,"DeSoto, MS - Marshall, MS",3421,414,
03/08/2021,2020,147,"Knox (Knoxville), TN - Blount, TN",11143,721,
03/08/2021,2020,148,"Davidson (Nashville-Davidson), TN - Williamson, TN",10784,967,
03/08/2021,2020,149,"Forsyth (Winston-Salem), NC - Surry, NC",5681,263,
03/08/2021,2020,150,"Jefferson (Birmingham), AL - Shelby, AL",15851,1598,
03/08/2021,2020,151,"Sullivan (Kingsport), TN - Hawkins, TN",3431,264,
03/08/2021,2020,152,"Warren, GA - Glascock, GA",169,15,
03/08/2021,2020,153,"Fulton (Atlanta), GA - DeKalb, GA",21278,2037,
03/08/2021,2020,154,"Floyd, GA - Bartow, GA",4169,391,
03/08/2021,2020,155,"Bay (Panama City), FL - Jackson, FL",4029,410,
03/08/2021,2020,156,"Tuscaloosa (Tuscaloosa), AL - Pickens, AL",2944,365,
03/08/2021,2020,157,"Hall, GA - Habersham, GA",4408,459,
03/08/2021,2020,158,"Duval (Jacksonville), FL - Clay, FL",13716,1022,
03/08/2021,2020,159,"Alachua (Gainesville), FL - Columbia, FL",6046,520,
03/08/2021,2020,160,"Richland (Columbia), SC - Lexington, SC",7757,701,
03/08/2021,2020,161,"Mobile (Mobile), AL - Baldwin, AL",8840,776,
03/08/2021,2020,162,"Houston (Dothan), AL - Dale, AL",3877,463,
03/08/2021,2020,163,"Escambia, AL - Conecuh, AL",814,92,
03/08/2021,2020,164,"Morgan, GA - Greene, GA",499,40,
03/08/2021,2020,165,"Lee (Cape Coral), FL - Collier, FL",13178,1113,
03/08/2021,2020,166,"Russell, AL",747,76,
03/08/2021,2020,167,"Mecklenburg (Charlotte), NC - Union, NC",8183,590,
03/08/2021,2020,168,"New Hanover (Wilmington), NC - Brunswick, NC",4003,129,
03/08/2021,2020,169,"Washington (Johnson City), TN - Carter, TN",3080,278,
03/08/2021,2020,170,"Durham (Durham), NC - Granville, NC",3927,226,
03/08/2021,2020,171,"Montgomery (Montgomery), AL - Autauga, AL",5087,640,
03/08/2021,2020,172,"Chambers, AL - Randolph, AL",952,137,
03/08/2021,2020,173,"Gilmer, GA - Fannin, GA",841,65,
03/08/2021,2020,174,"Ware, GA - Pierce, GA",1179,157,
03/08/2021,2020,175,"Dallas, AL - Marengo, AL",1290,184,
03/08/2021,2020,176,"Orangeburg, SC - Bamberg, SC",1951,210,
03/08/2021,2020,177,"Calhoun (Anniston), AL - Cleburne, AL",2013,218,
03/08/2021,2020,178,"Thomas, GA - Mitchell, GA",1268,172,
03/08/2021,2020,179,"Lee (Auburn), AL - Elmore, AL",3254,376,
03/08/2021,2020,180,"Lowndes, GA - Brooks, GA",2052,223,
03/08/2021,2020,181,"Fulton, KY",117,21,
03/08/2021,2020,182,"Greenville (Greenville), SC - Anderson, SC",10694,1016,
03/08/2021,2020,183,"Leon (Tallahassee), FL - Gadsden, FL",4527,369,
03/08/2021,2020,184,"Florence (Florence), SC - Darlington, SC",4618,530,
03/08/2021,2020,185,"Morgan (Decatur), AL - Lawrence, AL",2261,245,
03/08/2021,2020,186,"Guilford (Greensboro), NC - Davidson, NC",8962,474,
03/08/2021,2020,187,"Laurens, SC - Greenwood, SC",2686,259,
03/08/2021,2020,188,"Madison (Jackson), TN - Gibson, TN",3962,500,
03/08/2021,2020,189,"Tift, GA - Ben Hill, GA",1081,171,
03/08/2021,2020,190,"Cobb (Marietta), GA",5314,498,
03/08/2021,2020,191,"Polk, NC",264,17,
03/08/2021,2020,192,"Iredell (Statesville), NC - Alexander, NC",2000,91,
03/08/2021,2020,193,"Bibb (Macon), GA - Houston, GA",5577,542,
03/08/2021,2020,194,"Watauga, NC - Ashe, NC",655,31,
03/08/2021,2020,195,"Pitt, NC - Beaufort, NC",2378,153,
03/08/2021,2020,196,"Sumter, SC - Clarendon, SC",2259,267,
03/08/2021,2020,197,"Sumter, GA - Crisp, GA",1266,172,
03/08/2021,2020,198,"Wake (Raleigh), NC - Johnston, NC",8328,500,
03/08/2021,2020,199,"Marion, SC - Dillon, SC",1039,131,
03/08/2021,2020,200,"Miami-Dade (Miami), FL - Broward, FL",44365,6061,
03/08/2021,2020,201,"Putnam, GA - Hancock, GA",478,72,
03/08/2021,2020,202,"Polk (Lakeland), FL - Highlands, FL",10705,974,
03/08/2021,2020,203,"Orange (Chapel Hill), NC - Harnett, NC",3120,203,
03/08/2021,2020,204,"Spalding (Griffin), GA - Butts, GA",1306,137,
03/08/2021,2020,205,"Moore, NC - Richmond, NC",2185,137,
03/08/2021,2020,206,"Laurens, GA - Toombs, GA",2117,343,
03/08/2021,2020,207,"Robeson, NC - Columbus, NC",3129,249,
03/08/2021,2020,208,"Maury, TN - Giles, TN",2212,212,
03/08/2021,2020,209,"Jackson, NC - Macon, NC",1142,32,
03/08/2021,2020,210,"Madison (Huntsville), AL - Limestone, AL",5740,405,
03/08/2021,2020,211,"Rutherford (Murfreesboro), TN - Warren, TN",3855,358,
03/08/2021,2020,212,"Charleston (Charleston), SC - Berkeley, SC",8021,640,
03/08/2021,2020,213,"Sarasota (Sarasota), FL - Charlotte, FL",10432,772,
03/08/2021,2020,214,"Nash, NC - Halifax, NC",2654,203,
03/08/2021,2020,215,"Putnam, TN - White, TN",2345,280,
03/08/2021,2020,216,"Stephens, GA - Hart, GA",1152,116,
03/08/2021,2020,217,"Hamblen (Morristown), TN - Jefferson, TN",2281,196,
03/08/2021,2020,218,"Gaston (Gastonia), NC - Cleveland, NC",5453,422,
03/08/2021,2020,219,"Lauderdale (Florence), AL - Colbert, AL",2980,314,
03/08/2021,2020,220,"Jasper, GA",177,17,
03/08/2021,2020,221,"Palm Beach (West Palm Beach), FL - St. Lucie, FL",24129,2415,
03/08/2021,2020,222,"Bulloch, GA - Emanuel, GA",1405,159,
03/08/2021,2020,223,"Cumberland, TN - Fentress, TN",1526,110,
03/08/2021,2020,224,"Etowah (Gadsden), AL - Marshall, AL",4567,548,
03/08/2021,2020,225,"Buncombe (Asheville), NC - Henderson, NC",5470,281,
03/08/2021,2020,226,"Anderson (Oak Ridge), TN - Roane, TN",3410,243,
03/08/2021,2020,227,"Hillsborough (Tampa), FL - Pinellas, FL",36559,2671,
03/08/2021,2020,228,"Decatur, GA - Seminole, GA",677,68,
03/08/2021,2020,229,"Catawba (Hickory), NC - Burke, NC",3727,248,
03/08/2021,2020,230,"Wayne, GA - Appling, GA",651,95,
03/08/2021,2020,231,"Sumner (Hendersonville), TN - Wilson, TN",4297,438,
03/08/2021,2020,232,"Lawrence, TN - Wayne, TN",1082,105,
03/08/2021,2020,233,"Marion (Ocala), FL - Citrus, FL",9360,729,
03/08/2021,2020,234,"Montgomery (Clarksville), TN - Stewart, TN",2103,163,
03/08/2021,2020,235,"Cabarrus (Concord), NC - Rowan, NC",3926,282,
03/08/2021,2020,236,"Coffee, GA - Jeff Davis, GA",869,139,
03/08/2021,2020,237,"Brevard (Palm Bay), FL - Indian River, FL",10762,666,
03/08/2021,2020,238,"Wayne, NC - Lenoir, NC",2672,202,
03/08/2021,2020,239,"Coffee, TN - Franklin, TN",1762,168,
03/08/2021,2020,240,"Yancey, NC - Avery, NC",595,23,
03/08/2021,2020,241,"Talladega, AL - Clay, AL",1611,200,
03/08/2021,2020,242,"Onslow, NC - Craven, NC",3419,171,
03/08/2021,2020,243,"Hertford, NC - Bertie, NC",897,104,
03/08/2021,2020,244,"York (Rock Hill), SC - Chester, SC",3118,238,
03/08/2021,2020,245,"Hardin, TN - McNairy, TN",938,80,
03/08/2021,2020,246,"Horry, SC - Georgetown, SC",5673,452,
03/08/2021,2020,247,"Marion, AL - Fayette, AL",799,111,
03/08/2021,2020,248,"Dyer, TN - Lauderdale, TN",1082,119,
03/08/2021,2020,249,"Lancaster, SC - Kershaw, SC",1955,177,
03/08/2021,2020,250,"Washington, GA - Jefferson, GA",619,97,
03/08/2021,2020,251,"St. Johns (St. Augustine), FL - Putnam, FL",3531,190,
03/08/2021,2020,252,"Greene, TN - Cocke, TN",1790,158,
03/08/2021,2020,253,"Elbert, GA - Wilkes, GA",513,40,
03/08/2021,2020,254,"Colquitt, GA",639,57,
03/08/2021,2020,256,"Wilkes, NC",733,40,
03/08/2021,2020,257,"Osceola, FL",3003,298,
03/08/2021,2020,258,"Cherokee, NC - Clay, NC",516,34,
03/08/2021,2020,259,"Butler, AL",312,55,
03/08/2021,2020,260,"Bedford, TN",606,71,
03/08/2021,2020,261,"McDowell, NC",551,59,
03/08/2021,2020,262,"Cumberland (Fayetteville), NC - Sampson, NC",3206,147,
03/08/2021,2020,263,"Scott, TN",282,29,
03/08/2021,2020,264,"Pasquotank, NC - Dare, NC",1080,63,
03/08/2021,2020,266,"Manatee, FL",4833,451,
03/08/2021,2020,267,"Alamance, NC",1786,101,
03/08/2021,2020,268,"Rabun, GA",295,26,
03/08/2021,2020,269,"Upson, GA - Lamar, GA",966,126,
03/08/2021,2020,270,"Franklin, IN",282,31,
03/08/2021,2020,271,"Grand Traverse, MI - Manistee, MI",2561,129,
03/08/2021,2020,272,"Jefferson (Louisville), KY - Bullitt, KY",12618,1126,
03/08/2021,2020,273,"Wabash, IL",159,18,
03/08/2021,2020,274,"Wayne (Detroit), MI - Oakland, MI",46769,6290,
03/08/2021,2020,275,"Marion (Indianapolis), IN - Johnson, IN",15346,1993,
03/08/2021,2020,276,"Monroe, MI",1791,139,
03/08/2021,2020,277,"Peoria (Peoria), IL - Tazewell, IL",4733,514,
03/08/2021,2020,278,"Brown (Green Bay), WI - Oconto, WI",3534,369,
03/08/2021,2020,279,"Champaign (Champaign), IL - Coles, IL",2737,220,
03/08/2021,2020,280,"Milwaukee (Milwaukee), WI - Waukesha, WI",16970,1763,
03/08/2021,2020,281,"Franklin (Columbus), OH - Delaware, OH",14906,1443,
03/08/2021,2020,282,"Marathon (Wausau), WI - Wood, WI",3453,412,
03/08/2021,2020,283,"Jackson, OH - Gallia, OH",1298,105,
03/08/2021,2020,284,"Gogebic, MI - Ontonagon, MI",384,69,
03/08/2021,2020,285,"Ingham (Lansing), MI - Eaton, MI",5495,365,
03/08/2021,2020,286,"Ramsey (St. Paul), MN - Dakota, MN",10878,1263,
03/08/2021,2020,287,"Cook (Chicago), IL - DuPage, IL",67938,9892,
03/08/2021,2020,288,"Cuyahoga (Cleveland), OH - Lake, OH",21390,2161,
03/08/2021,2020,289,"St. Louis (Duluth), MN - Itasca, MN",4208,376,
03/08/2021,2020,290,"Allamakee, IA",221,33,
03/08/2021,2020,291,"Winnebago (Rockford), IL - Ogle, IL",5043,571,
03/08/2021,2020,292,"Allen (Lima), OH - Auglaize, OH",3747,559,
03/08/2021,2020,293,"Marquette, MI - Delta, MI",1612,123,
03/08/2021,2020,294,"Chippewa, MI - Emmet, MI",1660,111,
03/08/2021,2020,295,"Montgomery (Dayton), OH - Greene, OH",10606,1115,
03/08/2021,2020,296,"Muskegon (Muskegon), MI - Newaygo, MI",3508,380,
03/08/2021,2020,297,"St. Clair (Port Huron), MI - Sanilac, MI",2669,242,
03/08/2021,2020,298,"Eau Claire (Eau Claire), WI - Chippewa, WI",2285,198,
03/08/2021,2020,299,"Madison (Alton), IL - Jersey, IL",3975,386,
03/08/2021,2020,300,"Tippecanoe (Lafayette), IN - Clinton, IN",2461,193,
03/08/2021,2020,301,"Dane (Madison), WI - Sauk, WI",6652,463,
03/08/2021,2020,302,"Stephenson, IL - Jo Daviess, IL",987,93,
03/08/2021,2020,303,"Will (Joliet), IL - Grundy, IL",6436,743,
03/08/2021,2020,304,"Allen (Fort Wayne), IN - Noble, IN",6171,729,
03/08/2021,2020,305,"Macon (Decatur), IL - Shelby, IL",2130,223,
03/08/2021,2020,306,"Winnebago (Oshkosh), WI - Fond du Lac, WI",4785,512,
03/08/2021,2020,307,"Rock Island (Moline), IL - Henry, IL",2943,330,
03/08/2021,2020,308,"Lake (Gary), IN - Porter, IN",8554,941,
03/08/2021,2020,309,"Kent (Grand Rapids), MI - Ionia, MI",8108,705,
03/08/2021,2020,310,"Crawford, IL - Lawrence, IL",448,66,
03/08/2021,2020,311,"Clark, IL",228,22,
03/08/2021,2020,312,"St. Joseph (South Bend), IN - Marshall, IN",4311,548,
03/08/2021,2020,313,"Bartholomew, IN - Jackson, IN",2138,258,
03/08/2021,2020,314,"Washburn, WI - Burnett, WI",453,45,
03/08/2021,2020,315,"Dickinson, MI - Menominee, MI",960,125,
03/08/2021,2020,316,"Perry, IN",239,27,
03/08/2021,2020,317,"Wexford, MI - Osceola, MI",1066,49,
03/08/2021,2020,318,"Sangamon (Springfield), IL - Christian, IL",3951,426,
03/08/2021,2020,319,"Morgan, IL - Greene, IL",752,119,
03/08/2021,2020,320,"Ottawa (Holland), MI - Allegan, MI",3766,329,
03/08/2021,2020,,,37369,2390,
03/08/2021,2020,321,"Dearborn, IN - Jefferson (Madison), IN",1565,174,
03/08/2021,2020,322,"Saginaw (Saginaw), MI - Tuscola, MI",3980,520,
03/08/2021,2020,323,"Delaware (Muncie), IN - Randolph, IN",2167,209,
03/08/2021,2020,324,"Knox, IL - Warren, IL",1070,151,
03/08/2021,2020,325,"St. Clair (Belleville), IL - Clinton, IL",4384,496,
03/08/2021,2020,326,"Rock (Janesville), WI - Green, WI",2440,175,
03/08/2021,2020,327,"Berrien (Benton Harbor), MI - Van Buren, MI",3489,347,
03/08/2021,2020,328,"Genesee (Flint), MI - Lapeer, MI",6560,630,
03/08/2021,2020,329,"Lawrence, IN - Orange, IN",947,122,
03/08/2021,2020,330,"Midland (Midland), MI - Isabella, MI",2494,164,
03/08/2021,2020,331,"Williamson, IL - Jackson, IL",2362,268,
03/08/2021,2020,332,"Huntington, IN - Adams, IN",1540,180,
03/08/2021,2020,333,"Vermilion, IL - Edgar, IL",1391,134,
03/08/2021,2020,334,"Macoupin, IL - Montgomery, IL",1086,101,
03/08/2021,2020,335,"Jefferson, IL - Wayne, IL",803,116,
03/08/2021,2020,336,"La Salle, IL - Livingston, IL",2567,335,
03/08/2021,2020,337,"Lewis, KY",202,28,
03/08/2021,2020,338,"McLean (Bloomington), IL - Woodford, IL",2120,205,
03/08/2021,2020,339,"Floyd (New Albany), IN - Harrison, IN",1920,179,
03/08/2021,2020,340,"Henderson, IL",107,15,
03/08/2021,2020,341,"Monroe (Bloomington), IN - Greene, IN",2158,238,
03/08/2021,2020,342,"Bay (Bay City), MI - Iosco, MI",2769,281,
03/08/2021,2020,343,"Kankakee (Kankakee), IL - Iroquois, IL",1796,191,
03/08/2021,2020,344,"Outagamie (Appleton), WI - Waupaca, WI",2580,310,
03/08/2021,2020,345,"Mahoning (Youngstown), OH - Trumbull, OH",6916,881,
03/08/2021,2020,346,"Clark (Springfield), OH - Champaign, OH",2587,266,
03/08/2021,2020,347,"Stark (Canton), OH - Wayne, OH",8831,1165,
03/08/2021,2020,348,"Kalamazoo (Kalamazoo), MI - St. Joseph, MI",3310,273,
03/08/2021,2020,349,"Elkhart (Elkhart), IN - Kosciusko, IN",2923,414,
03/08/2021,2020,350,"Clayton, IA - Delaware, IA",466,87,
03/08/2021,2020,351,"Richland, IL - Clay, IL",656,93,
03/08/2021,2020,352,"Summit (Akron), OH - Portage, OH",10415,1021,
03/08/2021,2020,353,"Adams, IL - Pike, IL",1132,126,
03/08/2021,2020,354,"Marion, OH - Crawford, OH",2710,304,
03/08/2021,2020,355,"Sheboygan (Sheboygan), WI - Manitowoc, WI",2767,252,
03/08/2021,2020,356,"Defiance, OH - Williams, OH",1531,214,
03/08/2021,2020,357,"Ashland, WI - Sawyer, WI",870,61,
03/08/2021,2020,358,"Marion, IL - Washington, IL",832,113,
03/08/2021,2020,359,"Houghton, MI - Baraga, MI",559,57,
03/08/2021,2020,360,"Jefferson (Steubenville), OH - Harrison, OH",1228,115,
03/08/2021,2020,361,"Whiteside, IL - Carroll, IL",1072,191,
03/08/2021,2020,362,"Hancock, IN - Henry (New Castle), IN",1469,152,
03/08/2021,2020,363,"Effingham, IL - Fayette, IL",715,97,
03/08/2021,2020,364,"Howard (Kokomo), IN - Cass, IN",1966,262,
03/08/2021,2020,365,"Clark (Jeffersonville), IN - Scott, IN",1859,182,
03/08/2021,2020,366,"Lorain (Lorain), OH - Erie, OH",6378,663,
03/08/2021,2020,367,"Hancock, IL",274,34,
03/08/2021,2020,368,"Fairfield (Lancaster), OH - Athens, OH",2866,235,
03/08/2021,2020,369,"Richland (Mansfield), OH - Ashland, OH",2405,232,
03/08/2021,2020,370,"Goodhue, MN",584,50,
03/08/2021,2020,371,"Alpena, MI - Presque Isle, MI",1013,75,
03/08/2021,2020,372,"Highland, OH - Clinton, OH",1128,103,
03/08/2021,2020,373,"Kane (Aurora), IL - DeKalb, IL",5848,702,
03/08/2021,2020,374,"Barron, WI - Rusk, WI",782,83,
03/08/2021,2020,375,"Jackson (Jackson), MI - Lenawee, MI",4419,424,
03/08/2021,2020,376,"Miami (Piqua), OH - Shelby, OH",1939,197,
03/08/2021,2020,377,"Muskingum, OH - Guernsey, OH",3019,267,
03/08/2021,2020,378,"La Porte, IN - Starke, IN",1799,188,
03/08/2021,2020,379,"Shawano, WI - Langlade, WI",921,134,
03/08/2021,2020,380,"Columbiana, OH",1517,172,
03/08/2021,2020,381,"Calhoun (Battle Creek), MI - Barry, MI",2550,220,
03/08/2021,2020,382,"Racine (Racine), WI - Kenosha, WI",4044,549,
03/08/2021,2020,383,"White, IL - Hamilton, IL",385,42,
03/08/2021,2020,384,"Saline, IL - Gallatin, IL",613,66,
03/08/2021,2020,385,"Wayne, IN - Fayette, IN",1577,191,
03/08/2021,2020,386,"Hancock, OH - Seneca, OH",1637,192,
03/08/2021,2020,387,"Walworth, WI - Jefferson, WI",2059,222,
03/08/2021,2020,388,"Licking (Newark), OH - Knox, OH",2721,245,
03/08/2021,2020,389,"Grant, IN - Miami, IN",2017,226,
03/08/2021,2020,390,"Hamilton, IN - Madison (Anderson), IN",4125,527,
03/08/2021,2020,391,"Juneau, WI - Adams, WI",605,39,
03/08/2021,2020,392,"Roscommon, MI - Otsego, MI",973,56,
03/08/2021,2020,394,"Dubois, IN",495,62,
03/08/2021,2020,395,"Winneshiek, IA",201,25,
03/08/2021,2020,396,"Rice, MN",593,57,
03/08/2021,2020,398,"Logan, OH",572,47,
03/08/2021,2020,399,"Jackson, WI",269,20,
03/08/2021,2020,400,"Portage, WI",624,51,
03/08/2021,2020,401,"Boone, IN",611,84,
03/08/2021,2020,402,"Montgomery, IN",482,64,
03/08/2021,2020,403,"Orleans (New Orleans), LA - Jefferson, LA",11469,1484,
03/08/2021,2020,404,"Miller, AR - Hempstead, AR",1751,213,
03/08/2021,2020,405,"Potter (Amarillo), TX - Randall, TX",4239,780,
03/08/2021,2020,406,"Lubbock (Lubbock), TX - Hockley, TX",4655,980,
03/08/2021,2020,407,"Baxter, AR - Marion, AR",1166,105,
03/08/2021,2020,408,"Harris (Houston), TX - Fort Bend, TX",44541,4820,
03/08/2021,2020,409,"Forrest, MS - Lamar, MS",2205,257,
03/08/2021,2020,410,"Bexar (San Antonio), TX - Guadalupe, TX",21063,2554,
03/08/2021,2020,411,"Hinds (Jackson), MS - Rankin, MS",7302,860,
03/08/2021,2020,412,"Choctaw, AL - Sumter, AL",379,60,
03/08/2021,2020,413,"Jefferson (Beaumont), TX - Orange, TX",5821,521,
03/08/2021,2020,414,"Tulsa (Tulsa), OK - Rogers, OK",10340,1091,
03/08/2021,2020,415,"El Paso (El Paso), TX - Hudspeth, TX",8448,2156,
03/08/2021,2020,416,"Caddo (Shreveport), LA - Bossier, LA",6933,953,
03/08/2021,2020,417,"Oklahoma (Oklahoma City), OK - Canadian, OK",11949,1340,
03/08/2021,2020,418,"Lee, MS - Monroe, MS",2728,362,
03/08/2021,2020,419,"East Baton Rouge (Baton Rouge), LA - Livingston, LA",8699,1046,
03/08/2021,2020,420,"Wichita (Wichita Falls), TX - Montague, TX",2745,373,
03/08/2021,2020,421,"Sebastian (Fort Smith), AR - Crawford, AR",3134,261,
03/08/2021,2020,422,"Coahoma, MS - Tallahatchie, MS",729,108,
03/08/2021,2020,423,"Tangipahoa, LA - St. Helena, LA",1669,178,
03/08/2021,2020,424,"Lafayette (Lafayette), LA - Iberia, LA",5457,564,
03/08/2021,2020,425,"Travis (Austin), TX - Williamson, TX",12682,1037,
03/08/2021,2020,426,"Tom Green (San Angelo), TX - Runnels, TX",2067,295,
03/08/2021,2020,427,"Hidalgo (Mcallen), TX - Starr, TX",7975,2310,
03/08/2021,2020,428,"Taylor (Abilene), TX - Jones, TX",2732,368,
03/08/2021,2020,429,"Garfield (Enid), OK - Kingfisher, OK",1561,232,
03/08/2021,2020,430,"Cleveland (Norman), OK - McClain, OK",3506,418,
03/08/2021,2020,431,"Madison, LA",135,19,
03/08/2021,2020,432,"Pulaski (Little Rock), AR - Faulkner, AR",8745,757,
03/08/2021,2020,433,"Victoria (Victoria), TX - Calhoun, TX",2280,307,
03/08/2021,2020,434,"Tarrant (Fort Worth), TX - Johnson, TX",20664,2266,
03/08/2021,2020,435,"Concordia, LA - Tensas, LA",382,54,
03/08/2021,2020,436,"Bryan, OK - Atoka, OK",831,94,
03/08/2021,2020,437,"Nueces (Corpus Christi), TX - San Patricio, TX",6233,874,
03/08/2021,2020,438,"Choctaw, OK",266,23,
03/08/2021,2020,439,"Lincoln, LA - Union, LA",1408,213,
03/08/2021,2020,440,"Beckham, OK - Roger Mills, OK",356,62,
03/08/2021,2020,441,"Smith (Tyler), TX - Henderson, TX",5639,577,
03/08/2021,2020,442,"Pope, AR - Yell, AR",1057,110,
03/08/2021,2020,443,"Ouachita (Monroe), LA - Morehouse, LA",3537,530,
03/08/2021,2020,444,"Ector (Odessa), TX - Reeves, TX",2049,355,
03/08/2021,2020,445,"Muskogee, OK - Wagoner, OK",3071,323,
03/08/2021,2020,446,"Washington (Fayetteville), AR - Benton, AR",4425,537,
03/08/2021,2020,447,"Nacogdoches, TX - Shelby, TX",1463,205,
03/08/2021,2020,448,"Garland, AR - Hot Spring, AR",2739,269,
03/08/2021,2020,449,"Angelina, TX - Walker, TX",2925,356,
03/08/2021,2020,450,"Rapides (Alexandria), LA - Avoyelles, LA",3484,438,
03/08/2021,2020,451,"Montgomery, KS - Chautauqua, KS",568,52,
03/08/2021,2020,452,"Bell (Killeen), TX - Coryell, TX",4025,298,
03/08/2021,2020,453,"Dallas (Dallas), TX - Collin, TX",31247,3537,
03/08/2021,2020,454,"Gregg (Longview), TX - Rusk, TX",3266,367,
03/08/2021,2020,455,"Jones, MS - Wayne, MS",1606,175,
03/08/2021,2020,456,"Harrison (Biloxi), MS - Hancock, MS",3311,247,
03/08/2021,2020,457,"White, AR - Cleburne, AR",1536,103,
03/08/2021,2020,458,"Wilbarger, TX - Hardeman, TX",314,55,
03/08/2021,2020,459,"Lafayette, MS - Calhoun, MS",984,123,
03/08/2021,2020,460,"Gray, TX - Wheeler, TX",408,56,
03/08/2021,2020,461,"Lamar, AL",248,50,
03/08/2021,2020,462,"McLennan (Waco), TX - Hill, TX",4261,472,
03/08/2021,2020,463,"St. Landry, LA - Evangeline, LA",1747,249,
03/08/2021,2020,464,"Brazos (Bryan), TX - Washington, TX",2668,318,
03/08/2021,2020,465,"Titus, TX - Morris, TX",900,116,
03/08/2021,2020,466,"Pittsburg, OK - Pushmataha, OK",1007,88,
03/08/2021,2020,467,"Terrebonne (Houma), LA - Lafourche, LA",2603,304,
03/08/2021,2020,468,"Brown, TX - Coleman, TX",999,135,
03/08/2021,2020,469,"Woodward, OK - Dewey, OK",435,57,
03/08/2021,2020,470,"Calcasieu (Lake Charles), LA - Vernon, LA",4144,465,
03/08/2021,2020,471,"Jackson (Pascagoula), MS - George, MS",2004,207,
03/08/2021,2020,472,"Payne, OK - Pawnee, OK",1081,102,
03/08/2021,2020,473,"Jefferson (Pine Bluff), AR - Drew, AR",1979,255,
03/08/2021,2020,474,"Carter, OK - Marshall, OK",1229,115,
03/08/2021,2020,475,"Custer, OK - Washita, OK",567,107,
03/08/2021,2020,476,"Grady, OK - Caddo, OK",1176,190,
03/08/2021,2020,477,"Pike, MS - Marion, MS",1487,200,
03/08/2021,2020,478,"Pontotoc, OK - Seminole, OK",1250,127,
03/08/2021,2020,479,"Palo Pinto, TX - Jack, TX",559,67,
03/08/2021,2020,480,"Ashley, AR - Chicot, AR",477,52,
03/08/2021,2020,481,"Hale, TX - Castro, TX",650,188,
03/08/2021,2020,482,"Pontotoc, MS - Union, MS",1107,136,
03/08/2021,2020,483,"Jackson, OK - Greer, OK",453,85,
03/08/2021,2020,484,"Oktibbeha, MS - Winston, MS",1052,164,
03/08/2021,2020,485,"Harrison (Marshall), TX - Cass, TX",1510,176,
03/08/2021,2020,486,"Union, AR - Columbia, AR",1073,125,
03/08/2021,2020,487,"Bolivar, MS - Leflore, MS",1665,288,
03/08/2021,2020,488,"Washington, MS - Sharkey, MS",881,126,
03/08/2021,2020,489,"Navarro, TX - Freestone, TX",915,115,
03/08/2021,2020,490,"Fayette, TX - Colorado, TX",683,58,
03/08/2021,2020,491,"Deaf Smith, TX - Parmer, TX",328,102,
03/08/2021,2020,492,"Midland (Midland), TX - Pecos, TX",1633,264,
03/08/2021,2020,493,"Comanche (Lawton), OK - Kiowa, OK",1661,165,
03/08/2021,2020,494,"Boone, AR - Carroll, AR",1204,141,
03/08/2021,2020,495,"Denton (Denton), TX - Wise, TX",6127,557,
03/08/2021,2020,496,"Ouachita, AR - Dallas, AR",519,53,
03/08/2021,2020,497,"Stephens, OK - Jefferson, OK",727,71,
03/08/2021,2020,498,"Alcorn, MS - Tishomingo, MS",907,91,
03/08/2021,2020,499,"Crittenden (West Memphis), AR - St. Francis, AR",1383,177,
03/08/2021,2020,500,"St. Tammany (Slidell), LA - Washington, LA",3505,357,
03/08/2021,2020,501,"Leon, TX - Madison, TX",419,45,
03/08/2021,2020,502,"Grenada, MS - Montgomery, MS",735,112,
03/08/2021,2020,503,"Nolan, TX - Mitchell, TX",390,65,
03/08/2021,2020,504,"Jefferson Davis, MS - Lawrence, MS",378,41,
03/08/2021,2020,505,"Brazoria (Lake Jackson), TX - Wharton, TX",3883,409,
03/08/2021,2020,506,"Kerr, TX - Gillespie, TX",1569,115,
03/08/2021,2020,507,"Erath, TX - Comanche, TX",602,80,
03/08/2021,2020,508,"Lea, NM",709,134,
03/08/2021,2020,509,"Anderson, TX - Cherokee, TX",1769,222,
03/08/2021,2020,510,"Hays (San Marcos), TX - Caldwell, TX",1829,162,
03/08/2021,2020,511,"Lincoln, MS - Copiah, MS",961,134,
03/08/2021,2020,512,"Childress, TX - Hall, TX",174,28,
03/08/2021,2020,513,"Bee, TX - Karnes, TX",509,78,
03/08/2021,2020,514,"Terry, TX - Yoakum, TX",271,70,
03/08/2021,2020,515,"Kay (Ponca City), OK - Osage, OK",1223,156,
03/08/2021,2020,516,"Maverick, TX - Val Verde, TX",1297,393,
03/08/2021,2020,517,"Comal, TX",1614,148,
03/08/2021,2020,518,"Howard, TX - Glasscock, TX",473,89,
03/08/2021,2020,519,"Scurry, TX",223,38,
03/08/2021,2020,520,"Cameron (Brownsville), TX - Willacy, TX",4491,1203,
03/08/2021,2020,521,"Jackson, AR",293,29,
03/08/2021,2020,522,"Johnson, AR",316,22,
03/08/2021,2020,523,"Claiborne, LA",236,46,
03/08/2021,2020,524,"Collingsworth, TX",48,,Data suppressed (counts from 1-9)
03/08/2021,2020,525,"Wilkinson, MS",145,19,
03/08/2021,2020,526,"Brewster, TX - Presidio, TX",194,34,
03/08/2021,2020,527,"Arkansas, AR - Monroe, AR",447,37,
03/08/2021,2020,528,"St. Mary, LA",686,95,
03/08/2021,2020,529,"Okmulgee, OK - Okfuskee, OK",822,98,
03/08/2021,2020,530,"Winn, LA",226,33,
03/08/2021,2020,531,"Dimmit, TX",106,13,
03/08/2021,2020,532,"Galveston, TX",3344,238,
03/08/2021,2020,533,"Yazoo, MS",358,47,
03/08/2021,2020,534,"Polk, AR",307,56,
03/08/2021,2020,535,"Beaver, OK",62,10,
03/08/2021,2020,536,"Uvalde, TX",328,43,
03/08/2021,2020,537,"Phillips, AR",307,38,
03/08/2021,2020,538,"Webb (Laredo), TX - Zapata, TX",2356,561,
03/08/2021,2020,539,"Cherokee, KS",322,31,
03/08/2021,2020,540,"Hennepin (Minneapolis), MN - Anoka, MN",17440,2195,
03/08/2021,2020,541,"St. Louis, MO - St. Louis City, MO",21551,2371,
03/08/2021,2020,542,"Douglas (Omaha), NE - Sarpy, NE",7880,846,
03/08/2021,2020,543,"Burleigh (Bismarck), ND - Morton, ND",1805,324,
03/08/2021,2020,544,"Lyon, IA",128,39,
03/08/2021,2020,545,"Linn (Cedar Rapids), IA - Johnson, IA",4527,560,
03/08/2021,2020,546,"Polk (Des Moines), IA - Dallas, IA",7221,807,
03/08/2021,2020,547,"Clay, MN - Becker, MN",1263,161,
03/08/2021,2020,548,"Jackson (Kansas City), MO - Clay, MO",13495,1121,
03/08/2021,2020,549,"Greene (Springfield), MO - Christian, MO",8708,954,
03/08/2021,2020,550,"Ward, ND - Bottineau, ND",1079,242,
03/08/2021,2020,551,"Ford, KS - Gray, KS",499,74,
03/08/2021,2020,552,"Howard, IA",124,20,
03/08/2021,2020,553,"Boone (Columbia), MO - Randolph, MO",2536,208,
03/08/2021,2020,554,"Shawnee (Topeka), KS - Riley, KS",3962,442,
03/08/2021,2020,555,"Hall, NE - Hamilton, NE",962,175,
03/08/2021,2020,556,"Cerro Gordo, IA - Kossuth, IA",1365,202,
03/08/2021,2020,557,"Black Hawk (Waterloo), IA - Bremer, IA",2711,411,
03/08/2021,2020,558,"Pennington (Rapid City), SD - Meade, SD",1823,218,
03/08/2021,2020,559,"Holt, NE - Brown, NE",212,26,
03/08/2021,2020,560,"Woodbury (Sioux City), IA - Plymouth, IA",2231,374,
03/08/2021,2020,561,"Lancaster (Lincoln), NE - Gage, NE",3375,243,
03/08/2021,2020,562,"Baca, CO",77,,Data suppressed (counts from 1-9)
03/08/2021,2020,563,"Union, IL - Alexander, IL",475,46,
03/08/2021,2020,564,"Adams, NE - Clay, NE",620,87,
03/08/2021,2020,565,"Ellis, KS - Rooks, KS",548,111,
03/08/2021,2020,566,"Adair, MO - Sullivan, MO",564,42,
03/08/2021,2020,567,"Lyon, KS - Coffey, KS",598,94,
03/08/2021,2020,568,"Codington, SD - Grant, SD",666,143,
03/08/2021,2020,569,"Saline, KS - Ellsworth, KS",889,114,
03/08/2021,2020,570,"Buffalo, NE - Dawson, NE",956,123,
03/08/2021,2020,571,"Craighead, AR - Greene, AR",3005,364,
03/08/2021,2020,572,"Brown, SD - Spink, SD",845,147,
03/08/2021,2020,573,"Blue Earth, MN - Nicollet, MN",1158,98,
03/08/2021,2020,574,"Independence, AR - Sharp, AR",1495,194,
03/08/2021,2020,575,"Finney, KS - Scott, KS",502,105,
03/08/2021,2020,576,"Sedgwick (Wichita), KS - Butler, KS",7900,755,
03/08/2021,2020,577,"Madison, NE - Wayne, NE",702,98,
03/08/2021,2020,578,"Cedar, NE - Knox, NE",235,35,
03/08/2021,2020,579,"Williams, ND - McKenzie, ND",378,49,
03/08/2021,2020,580,"Scotts Bluff, NE - Box Butte, NE",800,131,
03/08/2021,2020,581,"Cole, MO - Callaway, MO",2868,340,
03/08/2021,2020,582,"Otter Tail, MN - Grant, MN",879,66,
03/08/2021,2020,583,"Barton, KS - Pawnee, KS",617,75,
03/08/2021,2020,584,"Polk, MN",422,63,
03/08/2021,2020,585,"Webster, IA - Humboldt, IA",793,118,
03/08/2021,2020,586,"Lawrence, SD",294,44,
03/08/2021,2020,587,"Seward, KS - Morton, KS",205,48,
03/08/2021,2020,588,"Stearns (St. Cloud), MN - Benton, MN",2766,389,
03/08/2021,2020,589,"Wapello, IA - Mahaska, IA",1393,227,
03/08/2021,2020,590,"Big Stone, MN - Traverse, MN",140,11,
03/08/2021,2020,591,"Doniphan, KS",102,10,
03/08/2021,2020,592,"Kandiyohi, MN - Chippewa, MN",1005,155,
03/08/2021,2020,593,"Lincoln, NE - Keith, NE",614,82,
03/08/2021,2020,594,"Custer, NE - Valley, NE",257,27,
03/08/2021,2020,595,"Boyd, NE",38,,Data suppressed (counts from 1-9)
03/08/2021,2020,596,"Pottawattamie (Council Bluffs), IA - Harrison, IA",2104,287,
03/08/2021,2020,597,"Beltrami, MN - Clearwater, MN",661,60,
03/08/2021,2020,598,"Reno, KS - Rice, KS",1062,128,
03/08/2021,2020,599,"St. Charles (St. Charles), MO - Lincoln, MO",4715,509,
03/08/2021,2020,600,"Beadle, SD - Hand, SD",328,62,
03/08/2021,2020,601,"Labette, KS - Neosho, KS",733,59,
03/08/2021,2020,602,"Brown, MN - Renville, MN",723,96,
03/08/2021,2020,603,"Isanti (Cambridge), MN - Mille Lacs, MN",947,109,
03/08/2021,2020,604,"Pennington, MN - Marshall, MN",366,59,
03/08/2021,2020,605,"Stark, ND - Dunn, ND",357,57,
03/08/2021,2020,606,"Story, IA - Boone, IA",1552,150,
03/08/2021,2020,607,"Henry, MO - Bates, MO",750,68,
03/08/2021,2020,608,"Douglas, MN - Pope, MN",741,73,
03/08/2021,2020,609,"Lyon, MN - Lincoln, MN",355,36,
03/08/2021,2020,610,"Brookings, SD - Kingsbury, SD",317,45,
03/08/2021,2020,611,"York, NE - Polk, NE",262,28,
03/08/2021,2020,612,"Crow Wing, MN - Cass, MN",1863,195,
03/08/2021,2020,613,"Decatur, KS - Sheridan, KS",96,18,
03/08/2021,2020,614,"Mississippi, AR",668,93,
03/08/2021,2020,615,"Davison, SD - Charles Mix, SD",693,120,
03/08/2021,2020,616,"Phelps, NE - Furnas, NE",227,22,
03/08/2021,2020,617,"Guthrie, IA - Greene, IA",263,33,
03/08/2021,2020,618,"Pratt, KS - Kiowa, KS",209,40,
03/08/2021,2020,619,"Nobles, MN - Cottonwood, MN",600,87,
03/08/2021,2020,621,"Wyandotte (Kansas City), KS - Leavenworth, KS",2512,289,
03/08/2021,2020,622,"Mitchell, KS - Osborne, KS",195,14,
03/08/2021,2020,623,"Dawes, NE - Sheridan, NE",211,35,
03/08/2021,2020,624,"Johnson (Overland Park), KS - Douglas, KS",6356,626,
03/08/2021,2020,625,"Clay, IA - Dickinson, IA",599,64,
03/08/2021,2020,626,"Emmet, IA",157,34,
03/08/2021,2020,627,"Pulaski, MO - Phelps, MO",1355,144,
03/08/2021,2020,628,"Richardson, NE - Pawnee, NE",203,24,
03/08/2021,2020,629,"Hughes, SD - Stanley, SD",298,51,
03/08/2021,2020,630,"Crawford, KS - Bourbon, KS",921,78,
03/08/2021,2020,631,"Roseau, MN - Lake of the Woods, MN",249,19,
03/08/2021,2020,632,"Stutsman, ND - Wells, ND",411,93,
03/08/2021,2020,633,"Carroll, IA - Sac, IA",575,66,
03/08/2021,2020,634,"Floyd, IA - Chickasaw, IA",411,50,
03/08/2021,2020,635,"Marshall, KS - Washington, KS",221,34,
03/08/2021,2020,636,"Cheyenne, KS - Rawlins, KS",94,19,
03/08/2021,2020,637,"Phillips, KS - Norton, KS",216,41,
03/08/2021,2020,638,"Rolette, ND - Pierce, ND",282,58,
03/08/2021,2020,639,"Vernon, MO - Cedar, MO",468,54,
03/08/2021,2020,640,"Bowman, ND - Hettinger, ND",130,13,
03/08/2021,2020,641,"Scott (Davenport), IA - Muscatine, IA",2406,274,
03/08/2021,2020,642,"Cloud, KS - Republic, KS",231,33,
03/08/2021,2020,643,"Wichita, KS - Greeley, KS",67,,Data suppressed (counts from 1-9)
03/08/2021,2020,644,"Page, IA - Fremont, IA",391,32,
03/08/2021,2020,645,"Lucas, IA - Wayne, IA",229,34,
03/08/2021,2020,646,"Freeborn, MN - Faribault, MN",599,32,
03/08/2021,2020,647,"Montgomery, IA - Adams, IA",233,34,
03/08/2021,2020,648,"Dewey, SD - Walworth, SD",303,53,
03/08/2021,2020,649,"Appanoose, IA - Davis, IA",311,63,
03/08/2021,2020,650,"Geary, KS - Dickinson, KS",581,68,
03/08/2021,2020,651,"Platte, NE - Boone, NE",487,73,
03/08/2021,2020,652,"OBrien, IA - Osceola, IA",345,68,
03/08/2021,2020,654,"Chase, NE - Dundy, NE",90,11,
03/08/2021,2020,655,"Ramsey, ND - Benson, ND",316,48,
03/08/2021,2020,656,"Pettis, MO - Saline, MO",1605,182,
03/08/2021,2020,657,"Livingston, MO - Carroll, MO",336,65,
03/08/2021,2020,658,"Fillmore, NE - Thayer, NE",156,23,
03/08/2021,2020,659,"Thomas, KS - Sherman, KS",170,23,
03/08/2021,2020,660,"Otoe, NE - Johnson, NE",233,14,
03/08/2021,2020,661,"Kingman, KS - Harper, KS",352,50,
03/08/2021,2020,662,"Clay, KS",116,17,
03/08/2021,2020,663,"Madison, MO",210,22,
03/08/2021,2020,664,"Stevens, KS",57,,Data suppressed (counts from 1-9)
03/08/2021,2020,665,"Mitchell, IA",157,38,
03/08/2021,2020,666,"Audrain, MO - Montgomery, MO",709,80,
03/08/2021,2020,667,"Russell, KS",148,20,
03/08/2021,2020,668,"Cherry, NE",80,12,
03/08/2021,2020,669,"Barber, KS",79,,Data suppressed (counts from 1-9)
03/08/2021,2020,670,"Grant, ND",41,,Data suppressed (counts from 1-9)
03/08/2021,2020,671,"Atchison, KS",175,,Data suppressed (counts from 1-9)
03/08/2021,2020,672,"Sioux, IA",319,66,
03/08/2021,2020,673,"Linn, MO",194,15,
03/08/2021,2020,674,"McPherson, KS",431,49,
03/08/2021,2020,675,"Wilson, KS",124,10,
03/08/2021,2020,676,"Taney, MO",713,75,
03/08/2021,2020,678,"Atchison, MO - Holt, MO",167,30,
03/08/2021,2020,679,"Marshall, IA - Tama, IA",824,123,
03/08/2021,2020,680,"Dickey, ND - LaMoure, ND",150,52,
03/08/2021,2020,681,"Crawford, IA",197,25,
03/08/2021,2020,682,"Ness, KS",62,15,
03/08/2021,2020,683,"Grundy, MO - Mercer, MO",222,46,
03/08/2021,2020,684,"McIntosh, ND - Logan, ND",91,14,
03/08/2021,2020,685,"Camden, MO",644,75,
03/08/2021,2020,686,"Poweshiek, IA",235,27,
03/08/2021,2020,687,"Nemaha, NE",99,15,
03/08/2021,2020,688,"Denver (Denver), CO - Jefferson, CO",22151,2604,
03/08/2021,2020,689,"Multnomah (Portland), OR - Washington, OR",14949,719,
03/08/2021,2020,690,"Sutter (Yuba City), CA - Yuba, CA",1795,112,
03/08/2021,2020,691,"Yellowstone (Billings), MT - Big Horn, MT",2581,334,
03/08/2021,2020,692,"Cascade (Great Falls), MT - Glacier, MT",1553,215,
03/08/2021,2020,693,"Bernalillo (Albuquerque), NM - Sandoval, NM",10088,974,
03/08/2021,2020,694,"Nez Perce, ID - Idaho, ID",930,74,
03/08/2021,2020,695,"Twin Falls, ID - Jerome, ID",1423,160,
03/08/2021,2020,696,"Bannock, ID - Bingham, ID",1529,133,
03/08/2021,2020,697,"Butte (Chico), CA - Tehama, CA",3412,220,
03/08/2021,2020,698,"Spokane (Spokane), WA - Stevens, WA",6343,405,
03/08/2021,2020,699,"Maricopa (Phoenix), AZ - Pinal, AZ",51101,5862,
03/08/2021,2020,700,"Pima (Tucson), AZ - Cochise, AZ",14840,1615,
03/08/2021,2020,701,"Alpine, CA",21,0,
03/08/2021,2020,702,"Benton (Kennewick), WA - Franklin, WA",2312,240,
03/08/2021,2020,703,"Utah (Provo), UT - Sanpete, UT",3822,291,
03/08/2021,2020,704,"Pueblo (Pueblo), CO - Las Animas, CO",2659,321,
03/08/2021,2020,705,"Marion (Salem), OR - Yamhill, OR",5004,274,
03/08/2021,2020,707,"Clark (Las Vegas), NV - Nye, NV",22168,2660,
03/08/2021,2020,708,"Salt Lake (Salt Lake City), UT - Tooele, UT",9114,715,
03/08/2021,2020,709,"Sacramento (Sacramento), CA - Placer, CA",20295,1423,
03/08/2021,2020,710,"Shasta (Redding), CA - Trinity, CA",2734,116,
03/08/2021,2020,711,"Mesa, CO - Garfield, CO",2482,202,
03/08/2021,2020,712,"Hill, MT - Blaine, MT",383,76,
03/08/2021,2020,713,"Missoula, MT - Ravalli, MT",2206,149,
03/08/2021,2020,714,"Custer, MT - Fallon, MT",253,28,
03/08/2021,2020,715,"Franklin, ID - Bear Lake, ID",181,11,
03/08/2021,2020,716,"Ada (Boise City), ID - Canyon, ID",6540,655,
03/08/2021,2020,717,"Umatilla, OR - Morrow, OR",942,75,
03/08/2021,2020,718,"Fresno (Fresno), CA - Kings, CA",11140,1318,
03/08/2021,2020,719,"Deschutes, OR - Crook, OR",2269,55,
03/08/2021,2020,720,"Elko, NV - Lander, NV",484,49,
03/08/2021,2020,721,"Lewis and Clark, MT - Jefferson, MT",920,63,
03/08/2021,2020,722,"Bonneville, ID - Madison, ID",1759,174,
03/08/2021,2020,723,"Los Angeles (Los Angeles), CA",81354,11425,
03/08/2021,2020,724,"Santa Fe (Santa Fe), NM - Rio Arriba, NM",2490,184,
03/08/2021,2020,725,"Curry, NM - Roosevelt, NM",858,107,
03/08/2021,2020,726,"Natrona (Casper), WY - Converse, WY",1068,121,
03/08/2021,2020,727,"Linn, OR - Benton, OR",2109,53,
03/08/2021,2020,728,"Flathead, MT - Lincoln, MT",1427,90,
03/08/2021,2020,729,"Payette, ID - Washington, ID",474,44,
03/08/2021,2020,730,"Cassia, ID - Minidoka, ID",436,45,
03/08/2021,2020,731,"Alamosa, CO - Rio Grande, CO",534,47,
03/08/2021,2020,732,"Dona Ana (Las Cruces), NM - Luna, NM",2942,437,
03/08/2021,2020,733,"Sheridan, MT - Daniels, MT",66,,Data suppressed (counts from 1-9)
03/08/2021,2020,734,"Kootenai, ID - Bonner, ID",2589,192,
03/08/2021,2020,735,"Routt, CO - Moffat, CO",293,42,
03/08/2021,2020,736,"King (Seattle), WA - Snohomish, WA",25388,1598,
03/08/2021,2020,737,"Stanislaus (Modesto), CA - Merced, CA",8595,1016,
03/08/2021,2020,738,"Del Norte, CA",336,0,
03/08/2021,2020,739,"Yakima (Yakima), WA - Kittitas, WA",2892,357,
03/08/2021,2020,740,"Navajo, AZ",1735,390,
03/08/2021,2020,741,"Cheyenne, NE - Kimball, NE",215,25,
03/08/2021,2020,742,"Silver Bow, MT - Deer Lodge, MT",737,77,
03/08/2021,2020,743,"Klamath, OR - Lake, OR",1033,28,
03/08/2021,2020,744,"Davis, UT - Weber (Ogden), UT",4885,272,
03/08/2021,2020,745,"Otero, CO - Prowers, CO",650,91,
03/08/2021,2020,746,"Solano (Vallejo), CA - Napa, CA",5869,289,
03/08/2021,2020,747,"Grant, WA - Chelan, WA",2410,187,
03/08/2021,2020,748,"Wasco, OR - Hood River, OR",570,45,
03/08/2021,2020,749,"Park, WY - Big Horn, WY",495,41,
03/08/2021,2020,750,"San Joaquin (Stockton), CA - Calaveras, CA",8092,903,
03/08/2021,2020,751,"Santa Clara (San Jose), CA - Monterey, CA",14886,1164,
03/08/2021,2020,752,"Siskiyou, CA",636,17,
03/08/2021,2020,753,"Nevada, CA - Sierra, CA",1213,70,
03/08/2021,2020,754,"El Paso (Colorado Springs), CO - Teller, CO",6566,621,
03/08/2021,2020,755,"Iron, UT - Beaver, UT",454,22,
03/08/2021,2020,756,"Park, MT - Sweet Grass, MT",245,13,
03/08/2021,2020,757,"San Francisco (San Francisco), CA - San Mateo, CA",11373,528,
03/08/2021,2020,758,"Thurston (Olympia), WA - Grays Harbor, WA",4239,109,
03/08/2021,2020,759,"Union, OR - Baker, OR",613,19,
03/08/2021,2020,760,"Weld, CO - Morgan, CO",2783,399,
03/08/2021,2020,761,"Montrose, CO - Delta, CO",1089,70,
03/08/2021,2020,763,"Logan, CO - Phillips, CO",433,71,
03/08/2021,2020,764,"Marin, CA",2119,130,
03/08/2021,2020,765,"Apache, AZ",1149,307,
03/08/2021,2020,766,"Alameda (Oakland), CA - Contra Costa, CA",20024,1162,
03/08/2021,2020,767,"Richland, MT - Dawson, MT",284,42,
03/08/2021,2020,768,"San Bernardino, CA - Riverside (Riverside), CA",40969,5629,
03/08/2021,2020,769,"Otero, NM - Lincoln, NM",985,65,
03/08/2021,2020,770,"Sheridan, WY - Johnson, WY",445,28,
03/08/2021,2020,771,"Jackson, CO",16,,Data suppressed (counts from 1-9)
03/08/2021,2020,772,"Chaves, NM - Eddy, NM",1470,207,
03/08/2021,2020,773,"Gallatin and Yellowstone National Park, MT - Madison, MT",733,52,
03/08/2021,2020,774,"San Diego (San Diego), CA - Imperial, CA",26633,2409,
03/08/2021,2020,775,"Teton, WY - Lincoln, WY",345,22,
03/08/2021,2020,777,"Fremont, WY - Washakie, WY",770,94,
03/08/2021,2020,778,"Wheatland, MT - Meagher, MT",53,13,
03/08/2021,2020,779,"Roosevelt, MT - Valley, MT",297,64,
03/08/2021,2020,780,"Lassen, CA - Plumas, CA",556,25,
03/08/2021,2020,781,"Santa Barbara (Santa Barbara), CA - San Luis Obispo, CA",6007,309,
03/08/2021,2020,782,"Lane (Eugene), OR - Douglas, OR",5731,117,
03/08/2021,2020,783,"Lincoln, OR - Tillamook, OR",1027,18,
03/08/2021,2020,784,"Latah, ID",250,,Data suppressed (counts from 1-9)
03/08/2021,2020,785,"Clallam, WA - Jefferson, WA",1496,10,
03/08/2021,2020,786,"Chaffee, CO - Lake, CO",246,18,
03/08/2021,2020,787,"Yuma, AZ - La Paz, AZ",2816,603,
03/08/2021,2020,788,"Powell, MT",95,,Data suppressed (counts from 1-9)
03/08/2021,2020,789,"Tulare, CA",3927,531,
03/08/2021,2020,790,"Ventura, CA",6612,436,
03/08/2021,2020,792,"Uinta, WY",180,,Data suppressed (counts from 1-9)
03/08/2021,2020,793,"Grant, NM - Hidalgo, NM",538,34,
03/08/2021,2020,794,"Pierce, WA",7488,338,
03/08/2021,2020,795,"Boulder, CO - Broomfield, CO",2696,228,
03/08/2021,2020,796,"Larimer, CO",2662,138,
03/08/2021,2020,797,"Platte, WY",110,10,
03/08/2021,2020,799,"Daggett, UT",,0,Data suppressed (counts from 1-9)
03/08/2021,2020,800,"Humboldt, CA",1396,25,
03/08/2021,2020,801,"San Miguel, NM - Mora, NM",420,20,
03/08/2021,2020,802,"Santa Cruz, CA",1889,128,
03/08/2021,2020,803,"Mohave, AZ",4036,360,
03/08/2021,2020,804,"Weston, WY",81,,Data suppressed (counts from 1-9)
03/08/2021,2020,805,"White Pine, NV",89,,Data suppressed (counts from 1-9)
03/08/2021,2020,806,"Grant, OR",105,,Data suppressed (counts from 1-9)
03/08/2021,2020,807,"Kern, CA",7633,749,
03/08/2021,2020,808,"Blaine, ID - Camas, ID",151,15,
03/08/2021,2020,809,"Carbon, UT - Emery, UT",367,17,
03/08/2021,2020,810,"Fergus, MT - Petroleum, MT",183,21,
03/08/2021,2020,811,"Mendocino, CA",1040,38,
03/08/2021,2020,812,"Fremont, CO - Custer, CO",679,34,
03/08/2021,2020,813,"Lemhi, ID",132,11,
03/08/2021,2020,814,"Union, NM",59,,Data suppressed (counts from 1-9)
03/08/2021,2020,815,"Whatcom, WA",1902,65,
03/08/2021,2020,816,"Inyo, CA - Mono, CA",295,33,
03/08/2021,2020,817,"Ketchikan Gateway Borough, AK - Wrangell-Petersburg Cen, AK",226,,Data suppressed (counts from 1-9)
03/08/2021,2020,818,"Juneau City and Borough, AK - Sitka City and Borough, AK",326,,Data suppressed (counts from 1-9)
03/08/2021,2020,819,"Fairbanks North Star Borough, AK - Denali/Yukon-Koyukuk, AK",663,29,
03/08/2021,2020,820,"Anchorage (Anchorage), AK - Matanuska-Susitna Borough, AK",3908,219,
03/08/2021,2020,821,"Honolulu (Honolulu), HI - Maui, HI",9570,320,
03/08/2021,2020,822,"Kauai, HI",588,,Data suppressed (counts from 1-9)
03/08/2021,2020,823,"Hawaii, HI",1861,54,
03/08/2021,2020,825,"Henry, GA - Forsyth, GA",6430,481,
03/08/2021,2020,826,"Cherokee, GA - Douglas, GA",4752,376,
03/08/2021,2020,827,"Newton (Covington), GA",1158,116,
03/08/2021,2020,828,"Baldwin, GA",563,50,
03/08/2021,2020,829,"Clarke (Athens), GA - Barrow, GA",3221,269,
03/08/2021,2020,830,"Richmond (South Augusta), GA - Columbia, GA",4535,457,
03/08/2021,2020,831,"Washtenaw, MI - Livingston, MI",4478,297,
03/08/2021,2020,832,"Lewis, WA - Pacific, WA",1347,38,
03/08/2021,2020,833,"Orange, CA",23607,2621,
03/08/2021,2020,834,"Sonoma (Santa Rosa), CA",4436,220,
03/08/2021,2020,851,"Mineral, WV - Hardy, WV",779,103,
03/08/2021,2020,852,"Wicomico, MD - Worcester, MD",2292,167,
03/08/2021,2020,853,"Virginia Beach City, VA - Norfolk City, VA",11085,737,
03/08/2021,2020,854,"Bennington, VT",482,,Data suppressed (counts from 1-9)
03/08/2021,2020,855,"McCracken, KY - Graves, KY",2666,261,
03/08/2021,2020,856,"Logan, WV - Mingo, WV",991,90,
03/08/2021,2020,857,"Washington, VT - Windsor, VT",1602,20,
03/08/2021,2020,858,"Bradford, PA - Susquehanna, PA",1380,107,
03/08/2021,2020,859,"Providence (Providence), RI - Kent, RI",10973,1822,
03/08/2021,2020,860,"Ohio (Wheeling), WV - Marshall, WV",1464,126,
03/08/2021,2020,861,"Berkeley, WV - Jefferson, WV",2519,136,
03/08/2021,2020,862,"Greenbrier, WV - Monroe, WV",764,65,
03/08/2021,2020,863,"Wood (Parkersburg), WV - Jackson, WV",2175,130,
03/08/2021,2020,864,"Mc Kean, PA - Potter, PA",816,53,
03/08/2021,2020,865,"Rockland, NY",3220,870,
03/08/2021,2020,866,"Mercer, WV - McDowell, WV",1376,63,
03/08/2021,2020,867,"Cabell (Huntington), WV - Wayne, WV",2303,147,
03/08/2021,2020,868,"York (York), PA - Adams, PA",6167,596,
03/08/2021,2020,869,"Montgomery, MD - Prince Georges, MD",18517,2825,
03/08/2021,2020,870,"Pendleton, WV",121,,Data suppressed (counts from 1-9)
03/08/2021,2020,871,"Newport, RI",836,41,
03/08/2021,2020,872,"Franklin, PA - Fulton, PA",2150,273,
03/08/2021,2020,873,"Carroll, VA - Grayson, VA",852,104,
03/08/2021,2020,874,"Rockingham, NH",2921,196,
03/08/2021,2020,875,"Harford, MD - Cecil, MD",3798,278,
03/08/2021,2020,876,"Pike, PA",627,51,
03/08/2021,2020,877,"Windham, VT",463,11,
03/08/2021,2020,878,"Claiborne, TN",491,25,
03/08/2021,2020,879,"Strafford (Rochester), NH",1220,30,
03/08/2021,2020,880,"Erie (Erie), PA - Warren, PA",3849,335,
03/08/2021,2020,881,"Columbia, NY - Greene, NY",1240,80,
03/08/2021,2020,882,"Henry, TN - Carroll, TN",1410,145,
03/08/2021,2020,883,"Pittsylvania (Danville), VA - Danville City, VA",1598,133,
03/08/2021,2020,884,"Essex, VT",80,,Data suppressed (counts from 1-9)
03/08/2021,2020,885,"Hamilton (Chattanooga), TN - Marion, TN",4844,332,
03/08/2021,2020,886,"Beaufort, SC - Jasper, SC",2204,135,
03/08/2021,2020,887,"Shelby (Memphis), TN - Tipton, TN",11858,1125,
03/08/2021,2020,888,"Washington, VA - Smyth, VA",2434,206,
03/08/2021,2020,889,"Aiken, SC - Edgefield, SC",2866,236,
03/08/2021,2020,890,"Glynn, GA - Camden, GA",2121,205,
03/08/2021,2020,891,"Quitman, GA",41,,Data suppressed (counts from 1-9)
03/08/2021,2020,892,"Escambia (Pensacola), FL - Okaloosa, FL",9121,746,
03/08/2021,2020,893,"Muscogee (Columbus), GA - Harris, GA",3073,285,
03/08/2021,2020,894,"Coweta, GA - Troup (La Grange), GA",2706,248,
03/08/2021,2020,895,"Bradley, TN - Polk, TN",1671,91,
03/08/2021,2020,896,"Carroll, GA - Haralson, GA",1788,176,
03/08/2021,2020,897,"Weakley, TN - Obion, TN",974,117,
03/08/2021,2020,898,"Spartanburg (Spartanburg), SC - Cherokee, SC",5064,522,
03/08/2021,2020,899,"Johnson, TN",287,33,
03/08/2021,2020,900,"Lincoln, TN",531,45,
03/08/2021,2020,901,"Hamilton (Cincinnati), OH - Butler, OH",19053,1714,
03/08/2021,2020,902,"Vanderburgh (Evansville), IN - Warrick, IN",4113,431,
03/08/2021,2020,903,"Lucas (Toledo), OH - Wood, OH",8164,912,
03/08/2021,2020,904,"Mason, WV",388,21,
03/08/2021,2020,905,"Oneida, WI - Vilas, WI",1141,132,
03/08/2021,2020,906,"Polk, WI",496,33,
03/08/2021,2020,907,"Douglas, WI",548,67,
03/08/2021,2020,908,"La Crosse (La Crosse), WI - Monroe, WI",2371,171,
03/08/2021,2020,909,"Dubuque (Dubuque), IA - Jackson, IA",1295,195,
03/08/2021,2020,910,"Knox, IN - Daviess, IN",1255,190,
03/08/2021,2020,911,"Vigo (Terre Haute), IN - Clay, IN",2394,260,
03/08/2021,2020,912,"Marinette, WI - Florence, WI",719,84,
03/08/2021,2020,913,"Daviess (Owensboro), KY - Ohio, KY",1786,156,
03/08/2021,2020,914,"Carroll, KY - Trimble, KY",261,26,
03/08/2021,2020,915,"Fountain, IN - Warren, IN",374,36,
03/08/2021,2020,916,"Scioto, OH - Ross, OH",2816,209,
03/08/2021,2020,917,"Des Moines, IA - Henry, IA",799,81,
03/08/2021,2020,918,"Mercer, PA",1706,190,
03/08/2021,2020,919,"Crawford, WI",209,13,
03/08/2021,2020,920,"Marion, MO - Pike, MO",874,94,
03/08/2021,2020,921,"Clinton, IA",617,78,
03/08/2021,2020,922,"Clark, MO",99,20,
03/08/2021,2020,923,"St. Croix, WI - Pierce, WI",1097,74,
03/08/2021,2020,924,"Hancock (Weirton), WV - Brooke, WV",928,107,
03/08/2021,2020,925,"Bowie (Texarkana), TX",1238,136,
03/08/2021,2020,926,"Lauderdale, MS - Neshoba, MS",2445,408,
03/08/2021,2020,927,"Le Flore, OK - Sequoyah, OK",1580,142,
03/08/2021,2020,928,"Warren, MS - Claiborne, MS",792,106,
03/08/2021,2020,929,"Adams, MS - Jefferson, MS",722,100,
03/08/2021,2020,930,"Grayson (Sherman), TX - Fannin, TX",2283,276,
03/08/2021,2020,931,"Lamar, TX - Red River, TX",1132,135,
03/08/2021,2020,932,"Delaware, OK",701,101,
03/08/2021,2020,933,"Washington, OK - Nowata, OK",852,96,
03/08/2021,2020,934,"Lowndes, MS - Clay, MS",1219,161,
03/08/2021,2020,935,"Lipscomb, TX",36,10,
03/08/2021,2020,936,"Pearl River, MS",847,88,
03/08/2021,2020,937,"Gaines, TX - Andrews, TX",322,66,
03/08/2021,2020,938,"Jasper (Joplin), MO - Newton, MO",2709,321,
03/08/2021,2020,939,"Minnehaha (Sioux Falls), SD - Lincoln, SD",2882,497,
03/08/2021,2020,940,"Cass (Fargo), ND - Richland, ND",2080,264,
03/08/2021,2020,941,"Olmsted (Rochester), MN - Winona, MN",3160,188,
03/08/2021,2020,942,"Dakota, NE - Thurston, NE",419,98,
03/08/2021,2020,943,"Grant, KS - Stanton, KS",92,21,
03/08/2021,2020,944,"Cape Girardeau, MO - Butler, MO",4307,436,
03/08/2021,2020,945,"Dunklin, MO",555,59,
03/08/2021,2020,946,"Howell, MO - Oregon, MO",944,114,
03/08/2021,2020,947,"Yankton, SD - Clay, SD",615,83,
03/08/2021,2020,948,"Goshen, WY - Niobrara, WY",233,22,
03/08/2021,2020,949,"Grand Forks (Grand Forks), ND - Walsh, ND",932,122,
03/08/2021,2020,950,"Campbell, WY - Crook, WY",436,53,
03/08/2021,2020,951,"Texas, OK - Cimarron, OK",218,40,
03/08/2021,2020,952,"Roberts, SD",134,29,
03/08/2021,2020,953,"Buchanan (St. Joseph), MO - Nodaway, MO",1963,219,
03/08/2021,2020,954,"Todd, SD - Tripp, SD",342,68,
03/08/2021,2020,955,"Red Willow, NE - Hitchcock, NE",203,17,
03/08/2021,2020,956,"Pemiscot, MO",302,31,
03/08/2021,2020,957,"Shannon, SD - Bennett, SD",248,46,
03/08/2021,2020,958,"Martin, MN",254,26,
03/08/2021,2020,959,"Perkins, SD - Harding, SD",65,14,
03/08/2021,2020,960,"Clark, WA - Cowlitz, WA",5563,168,
03/08/2021,2020,961,"Asotin, WA - Garfield, WA",335,26,
03/08/2021,2020,962,"Washoe (Reno), NV - Carson City, NV",7786,727,
03/08/2021,2020,963,"Colfax, NM",175,31,
03/08/2021,2020,964,"Washington, UT - Kane, UT",1885,134,
03/08/2021,2020,965,"Grand, UT",80,,Data suppressed (counts from 1-9)
03/08/2021,2020,966,"Cache, UT",657,31,
03/08/2021,2020,967,"Walla Walla, WA - Columbia, WA",704,46,
03/08/2021,2020,968,"Malheur, OR",385,52,
03/08/2021,2020,969,"Coos, OR - Curry, OR",1409,17,
03/08/2021,2020,970,"San Juan, UT",169,47,
03/08/2021,2020,971,"Laramie (Cheyenne), WY",983,71,
03/08/2021,2020,972,"Klickitat, WA - Skamania, WA",314,,Data suppressed (counts from 1-9)
03/08/2021,2020,973,"Jackson (Medford), OR - Josephine, OR",3968,101,
03/08/2021,2020,974,"McKinley, NM",1113,365,
03/08/2021,2020,975,"Albany, WY - Carbon, WY",422,28,
03/08/2021,2020,976,"Whitman, WA",320,26,
03/08/2021,2020,977,"Sweetwater, WY",413,26,
03/08/2021,2020,980,"Lawrence, OH",953,79,
03/08/2021,2020,981,"Houston, MN",223,13,
03/08/2021,2020,982,"Lee, IA",506,39,
03/08/2021,2020,983,"McCurtain, OK",527,92,
03/08/2021,2020,984,"Pipestone, MN - Rock, MN",272,32,
03/08/2021,2020,985,"La Plata, CO - Montezuma, CO",871,47,
03/08/2021,2020,986,"San Juan, NM",1519,339,
